ID,label
image1699.jpg,167
image2131.jpg,167
image1868.jpg,167
image895.jpg,167
image295.jpg,167
image2028.jpg,167
image1863.jpg,167
image2022.jpg,167
image49.jpg,167
image1583.jpg,167
image1044.jpg,167
image1956.jpg,167
image984.jpg,167
image970.jpg,167
image2029.jpg,167
image2152.jpg,167
image41.jpg,167
image1089.jpg,167
image2372.jpg,167
image1113.jpg,167
image1825.jpg,167
image1569.jpg,167
image1153.jpg,167
image150.jpg,167
image2165.jpg,167
image510.jpg,167
image955.jpg,167
image2056.jpg,167
image1970.jpg,167
image2275.jpg,167
image1193.jpg,167
image972.jpg,167
image72.jpg,167
image2287.jpg,167
image2258.jpg,167
image457.jpg,167
image279.jpg,167
image849.jpg,167
image449.jpg,167
image1704.jpg,167
image1315.jpg,167
image1548.jpg,167
image80.jpg,167
image2265.jpg,167
image2222.jpg,167
image86.jpg,167
image536.jpg,167
image1209.jpg,167
image1842.jpg,167
image643.jpg,167
image2371.jpg,167
image905.jpg,167
image1561.jpg,167
image805.jpg,167
image1377.jpg,167
image264.jpg,167
image2209.jpg,167
image222.jpg,167
image739.jpg,167
image2212.jpg,167
image1720.jpg,167
image1037.jpg,167
image1644.jpg,167
image2133.jpg,167
image327.jpg,167
image2080.jpg,167
image1999.jpg,167
image2014.jpg,167
image1821.jpg,167
image1904.jpg,167
image1807.jpg,167
image1614.jpg,167
image1105.jpg,167
image1188.jpg,167
image906.jpg,167
image1551.jpg,167
image447.jpg,167
image1839.jpg,167
image601.jpg,167
image1421.jpg,167
image414.jpg,167
image1048.jpg,167
image774.jpg,167
image194.jpg,167
image1159.jpg,167
image1623.jpg,167
image425.jpg,167
image853.jpg,167
image1118.jpg,167
image931.jpg,167
image1657.jpg,167
image702.jpg,167
image1594.jpg,167
image1689.jpg,167
image1911.jpg,167
image913.jpg,167
image1466.jpg,167
image1395.jpg,167
image2071.jpg,167
image1500.jpg,167
image515.jpg,167
image117.jpg,167
image64.jpg,167
image93.jpg,167
image950.jpg,167
image1246.jpg,167
image1578.jpg,167
image1407.jpg,167
image2309.jpg,167
image371.jpg,167
image1601.jpg,167
image454.jpg,167
image1143.jpg,167
image1067.jpg,167
image439.jpg,167
image1968.jpg,167
image1938.jpg,167
image1987.jpg,167
image2012.jpg,167
image2294.jpg,167
image508.jpg,167
image2088.jpg,167
image1203.jpg,167
image138.jpg,167
image1201.jpg,167
image802.jpg,167
image901.jpg,167
image1951.jpg,167
image1881.jpg,167
image246.jpg,167
image1487.jpg,167
image1412.jpg,167
image700.jpg,167
image880.jpg,167
image758.jpg,167
image1568.jpg,167
image290.jpg,167
image1303.jpg,167
image526.jpg,167
image289.jpg,167
image370.jpg,167
image1819.jpg,167
image796.jpg,167
image293.jpg,167
image1616.jpg,167
image1880.jpg,167
image1327.jpg,167
image762.jpg,167
image612.jpg,167
image2104.jpg,167
image2327.jpg,167
image1626.jpg,167
image288.jpg,167
image1420.jpg,167
image1470.jpg,167
image1654.jpg,167
image911.jpg,167
image2001.jpg,167
image1014.jpg,167
image1369.jpg,167
image353.jpg,167
image694.jpg,167
image1346.jpg,167
image2299.jpg,167
image51.jpg,167
image549.jpg,167
image434.jpg,167
image1932.jpg,167
image752.jpg,167
image497.jpg,167
image1744.jpg,167
image224.jpg,167
image528.jpg,167
image34.jpg,167
image947.jpg,167
image2221.jpg,167
image464.jpg,167
image409.jpg,167
image413.jpg,167
image589.jpg,167
image585.jpg,167
image491.jpg,167
image757.jpg,167
image567.jpg,167
image1832.jpg,167
image666.jpg,167
image1925.jpg,167
image884.jpg,167
image35.jpg,167
image102.jpg,167
image1380.jpg,167
image1288.jpg,167
image1525.jpg,167
image332.jpg,167
image2223.jpg,167
image2259.jpg,167
image144.jpg,167
image346.jpg,167
image932.jpg,167
image507.jpg,167
image1042.jpg,167
image153.jpg,167
image1948.jpg,167
image1289.jpg,167
image1196.jpg,167
image1705.jpg,167
image2013.jpg,167
image873.jpg,167
image697.jpg,167
image1966.jpg,167
image233.jpg,167
image1924.jpg,167
image221.jpg,167
image2250.jpg,167
image1906.jpg,167
image408.jpg,167
image1736.jpg,167
image1523.jpg,167
image183.jpg,167
image2301.jpg,167
image1145.jpg,167
image560.jpg,167
image2340.jpg,167
image1603.jpg,167
image1801.jpg,167
image1725.jpg,167
image1600.jpg,167
image1897.jpg,167
image169.jpg,167
image1467.jpg,167
image215.jpg,167
image790.jpg,167
image1607.jpg,167
image1215.jpg,167
image1750.jpg,167
image1164.jpg,167
image1428.jpg,167
image1530.jpg,167
image2331.jpg,167
image499.jpg,167
image2205.jpg,167
image261.jpg,167
image640.jpg,167
image145.jpg,167
image1245.jpg,167
image741.jpg,167
image993.jpg,167
image1794.jpg,167
image348.jpg,167
image2247.jpg,167
image2162.jpg,167
image1243.jpg,167
image1969.jpg,167
image604.jpg,167
image479.jpg,167
image2227.jpg,167
image2137.jpg,167
image2266.jpg,167
image1447.jpg,167
image1516.jpg,167
image1866.jpg,167
image513.jpg,167
image1114.jpg,167
image551.jpg,167
image152.jpg,167
image1800.jpg,167
image610.jpg,167
image389.jpg,167
image2009.jpg,167
image912.jpg,167
image2289.jpg,167
image1952.jpg,167
image316.jpg,167
image1459.jpg,167
image1397.jpg,167
image1752.jpg,167
image2094.jpg,167
image2181.jpg,167
image1381.jpg,167
image1563.jpg,167
image1224.jpg,167
image593.jpg,167
image1916.jpg,167
image1712.jpg,167
image1308.jpg,167
image1697.jpg,167
image1645.jpg,167
image1955.jpg,167
image1864.jpg,167
image1147.jpg,167
image173.jpg,167
image1367.jpg,167
image159.jpg,167
image767.jpg,167
image1503.jpg,167
image975.jpg,167
image1074.jpg,167
image1976.jpg,167
image673.jpg,167
image1755.jpg,167
image397.jpg,167
image1182.jpg,167
image1528.jpg,167
image1255.jpg,167
image244.jpg,167
image1239.jpg,167
image73.jpg,167
image1660.jpg,167
image419.jpg,167
image1422.jpg,167
image892.jpg,167
image836.jpg,167
image1624.jpg,167
image134.jpg,167
image809.jpg,167
image2008.jpg,167
image2187.jpg,167
image2220.jpg,167
image812.jpg,167
image1097.jpg,167
image1046.jpg,167
image1054.jpg,167
image287.jpg,167
image94.jpg,167
image1576.jpg,167
image2057.jpg,167
image367.jpg,167
image1545.jpg,167
image1756.jpg,167
image818.jpg,167
image1416.jpg,167
image2214.jpg,167
image1549.jpg,167
image964.jpg,167
image1082.jpg,167
image1918.jpg,167
image582.jpg,167
image628.jpg,167
image1542.jpg,167
image2169.jpg,167
image904.jpg,167
image1555.jpg,167
image832.jpg,167
image2059.jpg,167
image1379.jpg,167
image656.jpg,167
image1213.jpg,167
image624.jpg,167
image1851.jpg,167
image336.jpg,167
image2285.jpg,167
image819.jpg,167
image603.jpg,167
image111.jpg,167
image772.jpg,167
image1347.jpg,167
image562.jpg,167
image276.jpg,167
image606.jpg,167
image245.jpg,167
image1099.jpg,167
image2306.jpg,167
image1296.jpg,167
image2010.jpg,167
image994.jpg,167
image1574.jpg,167
image509.jpg,167
image2218.jpg,167
image1579.jpg,167
image518.jpg,167
image1835.jpg,167
image1872.jpg,167
image1599.jpg,167
image1270.jpg,167
image920.jpg,167
image2262.jpg,167
image608.jpg,167
image726.jpg,167
image40.jpg,167
image1519.jpg,167
image1170.jpg,167
image278.jpg,167
image843.jpg,167
image909.jpg,167
image475.jpg,167
image1649.jpg,167
image710.jpg,167
image770.jpg,167
image837.jpg,167
image2228.jpg,167
image253.jpg,167
image1275.jpg,167
image175.jpg,167
image304.jpg,167
image2288.jpg,167
image331.jpg,167
image1716.jpg,167
image1981.jpg,167
image157.jpg,167
image1508.jpg,167
image500.jpg,167
image1895.jpg,167
image237.jpg,167
image865.jpg,167
image428.jpg,167
image1701.jpg,167
image1151.jpg,167
image1871.jpg,167
image2098.jpg,167
image1184.jpg,167
image1497.jpg,167
image1746.jpg,167
image1219.jpg,167
image2003.jpg,167
image1136.jpg,167
image1248.jpg,167
image953.jpg,167
image1452.jpg,167
image580.jpg,167
image1319.jpg,167
image1570.jpg,167
image1011.jpg,167
image826.jpg,167
image1484.jpg,167
image863.jpg,167
image558.jpg,167
image539.jpg,167
image340.jpg,167
image1598.jpg,167
image1486.jpg,167
image546.jpg,167
image45.jpg,167
image1960.jpg,167
image1078.jpg,167
image791.jpg,167
image1591.jpg,167
image2148.jpg,167
image170.jpg,167
image2280.jpg,167
image1482.jpg,167
image1016.jpg,167
image1290.jpg,167
image1590.jpg,167
image787.jpg,167
image679.jpg,167
image1641.jpg,167
image731.jpg,167
image2352.jpg,167
image1070.jpg,167
image369.jpg,167
image2045.jpg,167
image2290.jpg,167
image2091.jpg,167
image2242.jpg,167
image755.jpg,167
image1152.jpg,167
image1443.jpg,167
image2231.jpg,167
image209.jpg,167
image2019.jpg,167
image915.jpg,167
image1562.jpg,167
image1888.jpg,167
image470.jpg,167
image2233.jpg,167
image1137.jpg,167
image1343.jpg,167
image1019.jpg,167
image517.jpg,167
image1753.jpg,167
image2174.jpg,167
image391.jpg,167
image2155.jpg,167
image435.jpg,167
image703.jpg,167
image1242.jpg,167
image2129.jpg,167
image1050.jpg,167
image128.jpg,167
image432.jpg,167
image1586.jpg,167
image1374.jpg,167
image1805.jpg,167
image769.jpg,167
image1363.jpg,167
image783.jpg,167
image743.jpg,167
image547.jpg,167
image258.jpg,167
image974.jpg,167
image251.jpg,167
image484.jpg,167
image2342.jpg,167
image1292.jpg,167
image2293.jpg,167
image1138.jpg,167
image300.jpg,167
image1222.jpg,167
image2257.jpg,167
image967.jpg,167
image2118.jpg,167
image31.jpg,167
image1646.jpg,167
image2007.jpg,167
image1068.jpg,167
image1780.jpg,167
image1606.jpg,167
image2283.jpg,167
image2167.jpg,167
image1837.jpg,167
image1091.jpg,167
image1582.jpg,167
image356.jpg,167
image788.jpg,167
image46.jpg,167
image403.jpg,167
image957.jpg,167
image651.jpg,167
image1127.jpg,167
image676.jpg,167
image1988.jpg,167
image1732.jpg,167
image1191.jpg,167
image1472.jpg,167
image2142.jpg,167
image2211.jpg,167
image249.jpg,167
image273.jpg,167
image2081.jpg,167
image1957.jpg,167
image951.jpg,167
image786.jpg,167
image1187.jpg,167
image1511.jpg,167
image490.jpg,167
image1860.jpg,167
image2246.jpg,167
image1198.jpg,167
image1021.jpg,167
image1003.jpg,167
image1972.jpg,167
image1445.jpg,167
image410.jpg,167
image1112.jpg,167
image1295.jpg,167
image1353.jpg,167
image1944.jpg,167
image471.jpg,167
image635.jpg,167
image2061.jpg,167
image109.jpg,167
image886.jpg,167
image1479.jpg,167
image1401.jpg,167
image927.jpg,167
image2052.jpg,167
image839.jpg,167
image730.jpg,167
image568.jpg,167
image1284.jpg,167
image177.jpg,167
image1765.jpg,167
image1283.jpg,167
image143.jpg,167
image2033.jpg,167
image2087.jpg,167
image199.jpg,167
image269.jpg,167
image2079.jpg,167
image1655.jpg,167
image1994.jpg,167
image1462.jpg,167
image753.jpg,167
image2245.jpg,167
image1411.jpg,167
image1141.jpg,167
image2373.jpg,167
image116.jpg,167
image1958.jpg,167
image1827.jpg,167
image2315.jpg,167
image400.jpg,167
image1040.jpg,167
image1513.jpg,167
image937.jpg,167
image417.jpg,167
image1703.jpg,167
image648.jpg,167
image185.jpg,167
image1436.jpg,167
image6.jpg,167
image1160.jpg,167
image631.jpg,167
image1749.jpg,167
image777.jpg,167
image686.jpg,167
image2149.jpg,167
image2158.jpg,167
image2272.jpg,167
image750.jpg,167
image1718.jpg,167
image2023.jpg,167
image247.jpg,167
image1792.jpg,167
image329.jpg,167
image325.jpg,167
image803.jpg,167
image227.jpg,167
image320.jpg,167
image523.jpg,167
image1039.jpg,167
image95.jpg,167
image1129.jpg,167
image742.jpg,167
image876.jpg,167
image427.jpg,167
image492.jpg,167
image1647.jpg,167
image440.jpg,167
image100.jpg,167
image399.jpg,167
image1496.jpg,167
image930.jpg,167
image74.jpg,167
image1208.jpg,167
image1020.jpg,167
image1130.jpg,167
image894.jpg,167
image1902.jpg,167
image2120.jpg,167
image581.jpg,167
image2177.jpg,167
image2107.jpg,167
image1024.jpg,167
image1372.jpg,167
image877.jpg,167
image1362.jpg,167
image1772.jpg,167
image1214.jpg,167
image1139.jpg,167
image2324.jpg,167
image326.jpg,167
image1739.jpg,167
image22.jpg,167
image465.jpg,167
image531.jpg,167
image1390.jpg,167
image522.jpg,167
image1680.jpg,167
image2069.jpg,167
image882.jpg,167
image1093.jpg,167
image1766.jpg,167
image670.jpg,167
image1889.jpg,167
image2113.jpg,167
image817.jpg,167
image2140.jpg,167
image855.jpg,167
image2060.jpg,167
image956.jpg,167
image1719.jpg,167
image2199.jpg,167
image997.jpg,167
image2219.jpg,167
image1391.jpg,167
image1294.jpg,167
image2329.jpg,167
image2083.jpg,167
image2194.jpg,167
image879.jpg,167
image1185.jpg,167
image533.jpg,167
image1726.jpg,167
image1300.jpg,167
image1537.jpg,167
image1676.jpg,167
image1643.jpg,167
image588.jpg,167
image1477.jpg,167
image485.jpg,167
image1662.jpg,167
image647.jpg,167
image2144.jpg,167
image1922.jpg,167
image1874.jpg,167
image103.jpg,167
image1873.jpg,167
image105.jpg,167
image84.jpg,167
image53.jpg,167
image1997.jpg,167
image135.jpg,167
image857.jpg,167
image239.jpg,167
image959.jpg,167
image2188.jpg,167
image67.jpg,167
image1079.jpg,167
image281.jpg,167
image1859.jpg,167
image70.jpg,167
image461.jpg,167
image2344.jpg,167
image1220.jpg,167
image734.jpg,167
image1264.jpg,167
image294.jpg,167
image374.jpg,167
image1483.jpg,167
image2055.jpg,167
image641.jpg,167
image940.jpg,167
image1844.jpg,167
image1824.jpg,167
image477.jpg,167
image1468.jpg,167
image2111.jpg,167
image785.jpg,167
image541.jpg,167
image763.jpg,167
image1051.jpg,167
image899.jpg,167
image838.jpg,167
image925.jpg,167
image350.jpg,167
image1886.jpg,167
image160.jpg,167
image1983.jpg,167
image1330.jpg,167
image2291.jpg,167
image2034.jpg,167
image1667.jpg,167
image1546.jpg,167
image123.jpg,167
image1492.jpg,167
image1615.jpg,167
image2235.jpg,167
image1743.jpg,167
image255.jpg,167
image1140.jpg,167
image54.jpg,167
image2037.jpg,167
image685.jpg,167
image1517.jpg,167
image113.jpg,167
image2318.jpg,167
image1157.jpg,167
image2332.jpg,167
image26.jpg,167
image30.jpg,167
image1575.jpg,167
image1713.jpg,167
image1915.jpg,167
image852.jpg,167
image349.jpg,167
image1826.jpg,167
image36.jpg,167
image856.jpg,167
image495.jpg,167
image1009.jpg,167
image487.jpg,167
image1668.jpg,167
image2075.jpg,167
image1324.jpg,167
image230.jpg,167
image1081.jpg,167
image59.jpg,167
image1064.jpg,167
image2172.jpg,167
image611.jpg,167
image1058.jpg,167
image85.jpg,167
image722.jpg,167
image1982.jpg,167
image933.jpg,167
image847.jpg,167
image214.jpg,167
image1351.jpg,167
image1373.jpg,167
image1784.jpg,167
image2136.jpg,167
image1991.jpg,167
image112.jpg,167
image902.jpg,167
image1431.jpg,167
image626.jpg,167
image1700.jpg,167
image1747.jpg,167
image355.jpg,167
image1913.jpg,167
image1610.jpg,167
image896.jpg,167
image2151.jpg,167
image794.jpg,167
image1550.jpg,167
image2062.jpg,167
image1231.jpg,167
image1095.jpg,167
image545.jpg,167
image976.jpg,167
image1092.jpg,167
image197.jpg,167
image574.jpg,167
image2368.jpg,167
image1678.jpg,167
image1263.jpg,167
image110.jpg,167
image689.jpg,167
image760.jpg,167
image761.jpg,167
image661.jpg,167
image1392.jpg,167
image1788.jpg,167
image97.jpg,167
image83.jpg,167
image404.jpg,167
image1123.jpg,167
image2268.jpg,167
image163.jpg,167
image1892.jpg,167
image627.jpg,167
image1430.jpg,167
image1506.jpg,167
image1724.jpg,167
image87.jpg,167
image243.jpg,167
image2159.jpg,167
image2074.jpg,167
image1552.jpg,167
image883.jpg,167
image2260.jpg,167
image2143.jpg,167
image260.jpg,167
image1077.jpg,167
image985.jpg,167
image20.jpg,167
image1745.jpg,167
image1225.jpg,167
image1352.jpg,167
image2.jpg,167
image1309.jpg,167
image71.jpg,167
image1071.jpg,167
image1237.jpg,167
image1306.jpg,167
image1684.jpg,167
image1349.jpg,167
image711.jpg,167
image2125.jpg,167
image2370.jpg,167
image2093.jpg,167
image1274.jpg,167
image1986.jpg,167
image1975.jpg,167
image2186.jpg,167
image1764.jpg,167
image381.jpg,167
image1163.jpg,167
image537.jpg,167
image415.jpg,167
image2215.jpg,167
image861.jpg,167
image342.jpg,167
image1544.jpg,167
image257.jpg,167
image1813.jpg,167
image2180.jpg,167
image2141.jpg,167
image1758.jpg,167
image1301.jpg,167
image1531.jpg,167
image1553.jpg,167
image1663.jpg,167
image1768.jpg,167
image712.jpg,167
image2355.jpg,167
image167.jpg,167
image1262.jpg,167
image130.jpg,167
image2350.jpg,167
image1464.jpg,167
image1273.jpg,167
image418.jpg,167
image25.jpg,167
image903.jpg,167
image1518.jpg,167
image362.jpg,167
image649.jpg,167
image1135.jpg,167
image283.jpg,167
image1305.jpg,167
image2103.jpg,167
image926.jpg,167
image1120.jpg,167
image42.jpg,167
image2024.jpg,167
image69.jpg,167
image1211.jpg,167
image1449.jpg,167
image1802.jpg,167
image2347.jpg,167
image1335.jpg,167
image171.jpg,167
image2105.jpg,167
image1947.jpg,167
image493.jpg,167
image1651.jpg,167
image333.jpg,167
image2196.jpg,167
image335.jpg,167
image1455.jpg,167
image1543.jpg,167
image1361.jpg,167
image2374.jpg,167
image387.jpg,167
image33.jpg,167
image1287.jpg,167
image2217.jpg,167
image663.jpg,167
image1337.jpg,167
image151.jpg,167
image1291.jpg,167
image1057.jpg,167
image914.jpg,167
image2068.jpg,167
image2117.jpg,167
image910.jpg,167
image2122.jpg,167
image1382.jpg,167
image1293.jpg,167
image1183.jpg,167
image1979.jpg,167
image1432.jpg,167
image1809.jpg,167
image2197.jpg,167
image1589.jpg,167
image2335.jpg,167
image365.jpg,167
image1025.jpg,167
image600.jpg,167
image182.jpg,167
image2006.jpg,167
image2326.jpg,167
image1494.jpg,167
image695.jpg,167
image1847.jpg,167
image1471.jpg,167
image586.jpg,167
image133.jpg,167
image1967.jpg,167
image376.jpg,167
image1465.jpg,167
image386.jpg,167
image270.jpg,167
image1047.jpg,167
image2130.jpg,167
image2316.jpg,167
image2207.jpg,167
image1192.jpg,167
image420.jpg,167
image107.jpg,167
image1742.jpg,167
image2000.jpg,167
image98.jpg,167
image1899.jpg,167
image1005.jpg,167
image52.jpg,167
image2154.jpg,167
image234.jpg,167
image1398.jpg,167
image1404.jpg,167
image1132.jpg,167
image633.jpg,167
image359.jpg,167
image1490.jpg,167
image1475.jpg,167
image841.jpg,167
image392.jpg,167
image1086.jpg,167
image1106.jpg,167
image1978.jpg,167
image1943.jpg,167
image891.jpg,167
image1741.jpg,167
image1223.jpg,167
image423.jpg,167
image989.jpg,167
image226.jpg,167
image503.jpg,167
image1179.jpg,167
image1061.jpg,167
image119.jpg,167
image1253.jpg,167
image372.jpg,167
image1793.jpg,167
image887.jpg,167
image2164.jpg,167
image1128.jpg,167
image1087.jpg,167
image2031.jpg,167
image754.jpg,167
image869.jpg,167
image292.jpg,167
image1748.jpg,167
image1299.jpg,167
image12.jpg,167
image2264.jpg,167
image308.jpg,167
image2025.jpg,167
image2114.jpg,167
image625.jpg,167
image2251.jpg,167
image2183.jpg,167
image494.jpg,167
image701.jpg,167
image211.jpg,167
image412.jpg,167
image1908.jpg,167
image2298.jpg,167
image1174.jpg,167
image962.jpg,167
image446.jpg,167
image1175.jpg,167
image1499.jpg,167
image555.jpg,167
image232.jpg,167
image2017.jpg,167
image1498.jpg,167
image238.jpg,167
image2176.jpg,167
image388.jpg,167
image1786.jpg,167
image1540.jpg,167
image1850.jpg,167
image2039.jpg,167
image728.jpg,167
image1368.jpg,167
image2070.jpg,167
image996.jpg,167
image1683.jpg,167
image108.jpg,167
image1759.jpg,167
image115.jpg,167
image2191.jpg,167
image2254.jpg,167
image897.jpg,167
image1580.jpg,167
image677.jpg,167
image141.jpg,167
image2048.jpg,167
image713.jpg,167
image1733.jpg,167
image1515.jpg,167
image653.jpg,167
image437.jpg,167
image1781.jpg,167
image759.jpg,167
image1754.jpg,167
image597.jpg,167
image2226.jpg,167
image263.jpg,167
image1331.jpg,167
image1080.jpg,167
image2040.jpg,167
image801.jpg,167
image44.jpg,167
image142.jpg,167
image179.jpg,167
image1323.jpg,167
image126.jpg,167
image2064.jpg,167
image140.jpg,167
image1218.jpg,167
image1241.jpg,167
image473.jpg,167
image1310.jpg,167
image318.jpg,167
image1817.jpg,167
image1440.jpg,167
image1488.jpg,167
image2333.jpg,167
image908.jpg,167
image1917.jpg,167
image1833.jpg,167
image1927.jpg,167
image1399.jpg,167
image1567.jpg,167
image2263.jpg,167
image1441.jpg,167
image1340.jpg,167
image2051.jpg,167
image468.jpg,167
image667.jpg,167
image1867.jpg,167
image804.jpg,167
image2278.jpg,167
image443.jpg,167
image2297.jpg,167
image259.jpg,167
image768.jpg,167
image14.jpg,167
image488.jpg,167
image480.jpg,167
image235.jpg,167
image1973.jpg,167
image2077.jpg,167
image1914.jpg,167
image916.jpg,167
image1885.jpg,167
image2323.jpg,167
image2279.jpg,167
image364.jpg,167
image1763.jpg,167
image2128.jpg,167
image1311.jpg,167
image1791.jpg,167
image1811.jpg,167
image401.jpg,167
image2097.jpg,167
image1558.jpg,167
image942.jpg,167
image1158.jpg,167
image833.jpg,167
image1171.jpg,167
image2036.jpg,167
image2308.jpg,167
image1894.jpg,167
image1334.jpg,167
image813.jpg,167
image1961.jpg,167
image1985.jpg,167
image2239.jpg,167
image1596.jpg,167
image1923.jpg,167
image1018.jpg,167
image534.jpg,167
image941.jpg,167
image1053.jpg,167
image2369.jpg,167
image866.jpg,167
image1722.jpg,167
image2121.jpg,167
image1360.jpg,167
image1964.jpg,167
image248.jpg,167
image1233.jpg,167
image402.jpg,167
image2366.jpg,167
image315.jpg,167
image800.jpg,167
image1227.jpg,167
image1709.jpg,167
image2356.jpg,167
image148.jpg,167
image1858.jpg,167
image92.jpg,167
image1803.jpg,167
image217.jpg,167
image718.jpg,167
image190.jpg,167
image719.jpg,167
image1134.jpg,167
image2206.jpg,167
image82.jpg,167
image1148.jpg,167
image1229.jpg,167
image2267.jpg,167
image888.jpg,167
image1144.jpg,167
image1364.jpg,167
image1694.jpg,167
image1930.jpg,167
image792.jpg,167
image732.jpg,167
image1322.jpg,167
image1180.jpg,167
image15.jpg,167
image1202.jpg,167
image831.jpg,167
image1935.jpg,167
image156.jpg,167
image659.jpg,167
image1929.jpg,167
image793.jpg,167
image13.jpg,167
image1806.jpg,167
image314.jpg,167
image2241.jpg,167
image594.jpg,167
image1673.jpg,167
image1065.jpg,167
image2096.jpg,167
image637.jpg,167
image598.jpg,167
image521.jpg,167
image1532.jpg,167
image1226.jpg,167
image965.jpg,167
image2354.jpg,167
image654.jpg,167
image280.jpg,167
image1971.jpg,167
image363.jpg,167
image1849.jpg,167
image8.jpg,167
image2168.jpg,167
image1348.jpg,167
image1030.jpg,167
image2269.jpg,167
image1717.jpg,167
image16.jpg,167
image1176.jpg,167
image1854.jpg,167
image2274.jpg,167
image184.jpg,167
image1855.jpg,167
image1778.jpg,167
image216.jpg,167
image544.jpg,167
image1013.jpg,167
image3.jpg,167
image693.jpg,167
image1461.jpg,167
image2002.jpg,167
image605.jpg,167
image674.jpg,167
image1115.jpg,167
image592.jpg,167
image131.jpg,167
image149.jpg,167
image1674.jpg,167
image1045.jpg,167
image277.jpg,167
image634.jpg,167
image1010.jpg,167
image1627.jpg,167
image630.jpg,167
image302.jpg,167
image1639.jpg,167
image1230.jpg,167
image2311.jpg,167
image424.jpg,167
image460.jpg,167
image242.jpg,167
image433.jpg,167
image127.jpg,167
image1708.jpg,167
image675.jpg,167
image1767.jpg,167
image2225.jpg,167
image1169.jpg,167
image1738.jpg,167
image1652.jpg,167
image1609.jpg,167
image266.jpg,167
image1200.jpg,167
image779.jpg,167
image2302.jpg,167
image868.jpg,167
image1661.jpg,167
image377.jpg,167
image1001.jpg,167
image1247.jpg,167
image1110.jpg,167
image1757.jpg,167
image2026.jpg,167
image1869.jpg,167
image682.jpg,167
image2082.jpg,167
image88.jpg,167
image1777.jpg,167
image174.jpg,167
image1186.jpg,167
image1212.jpg,167
image1069.jpg,167
image296.jpg,167
image2050.jpg,167
image1656.jpg,167
image1173.jpg,167
image922.jpg,167
image872.jpg,167
image579.jpg,167
image2099.jpg,167
image32.jpg,167
image223.jpg,167
image1232.jpg,167
image448.jpg,167
image2208.jpg,167
image2182.jpg,167
image1197.jpg,167
image707.jpg,167
image1384.jpg,167
image1934.jpg,167
image708.jpg,167
image2156.jpg,167
image573.jpg,167
image822.jpg,167
image132.jpg,167
image474.jpg,167
image1990.jpg,167
image1535.jpg,167
image1017.jpg,167
image645.jpg,167
image63.jpg,167
image2153.jpg,167
image747.jpg,167
image1258.jpg,167
image1450.jpg,167
image569.jpg,167
image2367.jpg,167
image1109.jpg,167
image1638.jpg,167
image2138.jpg,167
image466.jpg,167
image1033.jpg,167
image458.jpg,167
image313.jpg,167
image1036.jpg,167
image407.jpg,167
image1870.jpg,167
image453.jpg,167
image584.jpg,167
image1688.jpg,167
image431.jpg,167
image351.jpg,167
image511.jpg,167
image1636.jpg,167
image2345.jpg,167
image1949.jpg,167
image1408.jpg,167
image1977.jpg,167
image735.jpg,167
image842.jpg,167
image1734.jpg,167
image1830.jpg,167
image1564.jpg,167
image2072.jpg,167
image442.jpg,167
image158.jpg,167
image29.jpg,167
image749.jpg,167
image572.jpg,167
image48.jpg,167
image2192.jpg,167
image2115.jpg,167
image2063.jpg,167
image563.jpg,167
image161.jpg,167
image2178.jpg,167
image393.jpg,167
image1710.jpg,167
image2086.jpg,167
image1453.jpg,167
image1210.jpg,167
image1355.jpg,167
image2161.jpg,167
image28.jpg,167
image561.jpg,167
image983.jpg,167
image5.jpg,167
image125.jpg,167
image1489.jpg,167
image241.jpg,167
image609.jpg,167
image2360.jpg,167
image1108.jpg,167
image2271.jpg,167
image1965.jpg,167
image1560.jpg,167
image771.jpg,167
image1884.jpg,167
image2312.jpg,167
image1617.jpg,167
image668.jpg,167
image1992.jpg,167
image1945.jpg,167
image1023.jpg,167
image591.jpg,167
image1565.jpg,167
image1566.jpg,167
image2035.jpg,167
image1378.jpg,167
image1236.jpg,167
image664.jpg,167
image2166.jpg,167
image1038.jpg,167
image1502.jpg,167
image564.jpg,167
image875.jpg,167
image1444.jpg,167
image421.jpg,167
image2249.jpg,167
image1271.jpg,167
image1161.jpg,167
image347.jpg,167
image1162.jpg,167
image1611.jpg,167
image2273.jpg,167
image1541.jpg,167
image1297.jpg,167
image38.jpg,167
image1356.jpg,167
image2078.jpg,167
image1818.jpg,167
image1205.jpg,167
image218.jpg,167
image2314.jpg,167
image2043.jpg,167
image236.jpg,167
image2185.jpg,167
image2095.jpg,167
image1790.jpg,167
image1076.jpg,167
image948.jpg,167
image2179.jpg,167
image206.jpg,167
image2305.jpg,167
image688.jpg,167
image607.jpg,167
image1959.jpg,167
image1682.jpg,167
image1629.jpg,167
image1921.jpg,167
image992.jpg,167
image678.jpg,167
image846.jpg,167
image422.jpg,167
image1852.jpg,167
image358.jpg,167
image1312.jpg,167
image66.jpg,167
image1427.jpg,167
image1155.jpg,167
image1928.jpg,167
image691.jpg,167
image525.jpg,167
image2261.jpg,167
image1178.jpg,167
image220.jpg,167
image644.jpg,167
image1456.jpg,167
image1035.jpg,167
image1333.jpg,167
image1103.jpg,167
image1277.jpg,167
image1111.jpg,167
image642.jpg,167
image2015.jpg,167
image827.jpg,167
image114.jpg,167
image829.jpg,167
image1190.jpg,167
image139.jpg,167
image312.jpg,167
image1522.jpg,167
image2038.jpg,167
image2109.jpg,167
image1485.jpg,167
image1341.jpg,167
image1034.jpg,167
image1507.jpg,167
image1424.jpg,167
image860.jpg,167
image24.jpg,167
image723.jpg,167
image55.jpg,167
image662.jpg,167
image781.jpg,167
image2252.jpg,167
image1156.jpg,167
image498.jpg,167
image1905.jpg,167
image1041.jpg,167
image2248.jpg,167
image262.jpg,167
image881.jpg,167
image816.jpg,167
image1150.jpg,167
image557.jpg,167
image75.jpg,167
image990.jpg,167
image1234.jpg,167
image1771.jpg,167
image2253.jpg,167
image559.jpg,167
image2123.jpg,167
image23.jpg,167
image2216.jpg,167
image1414.jpg,167
image966.jpg,167
image2135.jpg,167
image1417.jpg,167
image596.jpg,167
image1685.jpg,167
image1993.jpg,167
image2310.jpg,167
image147.jpg,167
image1426.jpg,167
image1650.jpg,167
image11.jpg,167
image1371.jpg,167
image828.jpg,167
image952.jpg,167
image337.jpg,167
image1926.jpg,167
image824.jpg,167
image2116.jpg,167
image1612.jpg,167
image282.jpg,167
image1004.jpg,167
image1823.jpg,167
image979.jpg,167
image1510.jpg,167
image188.jpg,167
image187.jpg,167
image472.jpg,167
image1706.jpg,167
image395.jpg,167
image43.jpg,167
image987.jpg,167
image2193.jpg,167
image1669.jpg,167
image2328.jpg,167
image1556.jpg,167
image2201.jpg,167
image1389.jpg,167
image1052.jpg,167
image717.jpg,167
image79.jpg,167
image519.jpg,167
image736.jpg,167
image1012.jpg,167
image361.jpg,167
image2325.jpg,167
image1613.jpg,167
image1318.jpg,167
image1751.jpg,167
image444.jpg,167
image1939.jpg,167
image576.jpg,167
image4.jpg,167
image1828.jpg,167
image745.jpg,167
image1879.jpg,167
image1664.jpg,167
image229.jpg,167
image451.jpg,167
image724.jpg,167
image618.jpg,167
image373.jpg,167
image311.jpg,167
image1062.jpg,167
image954.jpg,167
image1358.jpg,167
image486.jpg,167
image733.jpg,167
image542.jpg,167
image565.jpg,167
image1204.jpg,167
image1375.jpg,167
image1457.jpg,167
image1434.jpg,167
image1773.jpg,167
image1403.jpg,167
image1474.jpg,167
image1831.jpg,167
image1633.jpg,167
image540.jpg,167
image317.jpg,167
image1845.jpg,167
image1731.jpg,167
image504.jpg,167
image988.jpg,167
image514.jpg,167
image1585.jpg,167
image535.jpg,167
image806.jpg,167
image385.jpg,167
image928.jpg,167
image343.jpg,167
image2150.jpg,167
image1216.jpg,167
image1891.jpg,167
image1338.jpg,167
image154.jpg,167
image1481.jpg,167
image1853.jpg,167
image10.jpg,167
image938.jpg,167
image725.jpg,167
image198.jpg,167
image1996.jpg,167
image2027.jpg,167
image1642.jpg,167
image1877.jpg,167
image323.jpg,167
image1538.jpg,167
image21.jpg,167
image1687.jpg,167
image1619.jpg,167
image1907.jpg,167
image977.jpg,167
image267.jpg,167
image1419.jpg,167
image2321.jpg,167
image782.jpg,167
image1798.jpg,167
image2092.jpg,167
image1876.jpg,167
image2243.jpg,167
image1675.jpg,167
image1770.jpg,167
image164.jpg,167
image532.jpg,167
image1321.jpg,167
image1618.jpg,167
image201.jpg,167
image489.jpg,167
image2338.jpg,167
image193.jpg,167
image632.jpg,167
image2229.jpg,167
image765.jpg,167
image1946.jpg,167
image1008.jpg,167
image1974.jpg,167
image1836.jpg,167
image2319.jpg,167
image268.jpg,167
image921.jpg,167
image900.jpg,167
image180.jpg,167
image168.jpg,167
image2237.jpg,167
image1666.jpg,167
image19.jpg,167
image1060.jpg,167
image1834.jpg,167
image1261.jpg,167
image1491.jpg,167
image621.jpg,167
image1931.jpg,167
image1032.jpg,167
image577.jpg,167
image205.jpg,167
image1711.jpg,167
image1342.jpg,167
image379.jpg,167
image219.jpg,167
image1104.jpg,167
image1820.jpg,167
image982.jpg,167
image815.jpg,167
image299.jpg,167
image2334.jpg,167
image1402.jpg,167
image172.jpg,167
image2173.jpg,167
image1593.jpg,167
image207.jpg,167
image1856.jpg,167
image275.jpg,167
image1901.jpg,167
image18.jpg,167
image1383.jpg,167
image202.jpg,167
image1181.jpg,167
image2296.jpg,167
image291.jpg,167
image469.jpg,167
image859.jpg,167
image366.jpg,167
image2292.jpg,167
image740.jpg,167
image394.jpg,167
image2304.jpg,167
image165.jpg,167
image1963.jpg,167
image231.jpg,167
image1221.jpg,167
image2230.jpg,167
image210.jpg,167
image1059.jpg,167
image1007.jpg,167
image1166.jpg,167
image704.jpg,167
image1195.jpg,167
image617.jpg,167
image462.jpg,167
image360.jpg,167
image1581.jpg,167
image1796.jpg,167
image1631.jpg,167
image1533.jpg,167
image969.jpg,167
image2365.jpg,167
image820.jpg,167
image47.jpg,167
image1672.jpg,167
image1302.jpg,167
image2042.jpg,167
image1843.jpg,167
image1769.jpg,167
image2351.jpg,167
image715.jpg,167
image352.jpg,167
image646.jpg,167
image438.jpg,167
image1240.jpg,167
image1281.jpg,167
image939.jpg,167
image1909.jpg,167
image1936.jpg,167
image602.jpg,167
image301.jpg,167
image481.jpg,167
image944.jpg,167
image575.jpg,167
image345.jpg,167
image578.jpg,167
image650.jpg,167
image2058.jpg,167
image181.jpg,167
image136.jpg,167
image1316.jpg,167
image2032.jpg,167
image1789.jpg,167
image378.jpg,167
image1775.jpg,167
image1602.jpg,167
image1534.jpg,167
image1250.jpg,167
image65.jpg,167
image789.jpg,167
image496.jpg,167
image658.jpg,167
image2139.jpg,167
image958.jpg,167
image104.jpg,167
image1539.jpg,167
image1940.jpg,167
image776.jpg,167
image341.jpg,167
image307.jpg,167
image1228.jpg,167
image1429.jpg,167
image552.jpg,167
image714.jpg,167
image303.jpg,167
image808.jpg,167
image1962.jpg,167
image1761.jpg,167
image1100.jpg,167
image595.jpg,167
image2256.jpg,167
image1677.jpg,167
image1980.jpg,167
image687.jpg,167
image599.jpg,167
image383.jpg,167
image864.jpg,167
image1912.jpg,167
image37.jpg,167
image122.jpg,167
image1265.jpg,167
image981.jpg,167
image638.jpg,167
image744.jpg,167
image1648.jpg,167
image501.jpg,167
image657.jpg,167
image1269.jpg,167
image2190.jpg,167
image178.jpg,167
image1386.jpg,167
image1385.jpg,167
image1056.jpg,167
image811.jpg,167
image62.jpg,167
image436.jpg,167
image614.jpg,167
image751.jpg,167
image999.jpg,167
image623.jpg,167
image339.jpg,167
image456.jpg,167
image405.jpg,167
image90.jpg,167
image1438.jpg,167
image2204.jpg,167
image1822.jpg,167
image980.jpg,167
image1779.jpg,167
image936.jpg,167
image2124.jpg,167
image1207.jpg,167
image1029.jpg,167
image810.jpg,167
image2313.jpg,167
image1816.jpg,167
image476.jpg,167
image1941.jpg,167
image1953.jpg,167
image862.jpg,167
image271.jpg,167
image463.jpg,167
image669.jpg,167
image1090.jpg,167
image636.jpg,167
image550.jpg,167
image1595.jpg,167
image943.jpg,167
image2330.jpg,167
image1630.jpg,167
image683.jpg,167
image2102.jpg,167
image2119.jpg,167
image2146.jpg,167
image1882.jpg,167
image854.jpg,167
image1989.jpg,167
image200.jpg,167
image2160.jpg,167
image2134.jpg,167
image2286.jpg,167
image2076.jpg,167
image1587.jpg,167
image1167.jpg,167
image639.jpg,167
image1984.jpg,167
image823.jpg,167
image834.jpg,167
image1529.jpg,167
image738.jpg,167
image186.jpg,167
image1098.jpg,167
image146.jpg,167
image1896.jpg,167
image1.jpg,167
image871.jpg,167
image1370.jpg,167
image709.jpg,167
image1900.jpg,167
image1425.jpg,167
image2163.jpg,167
image893.jpg,167
image1604.jpg,167
image1350.jpg,167
image1423.jpg,167
image2236.jpg,167
image1721.jpg,167
image705.jpg,167
image375.jpg,167
image1165.jpg,167
image2277.jpg,167
image2270.jpg,167
image538.jpg,167
image321.jpg,167
image737.jpg,167
image1681.jpg,167
image652.jpg,167
image1172.jpg,167
image1298.jpg,167
image1107.jpg,167
image310.jpg,167
image1762.jpg,167
image1686.jpg,167
image995.jpg,167
image354.jpg,167
image622.jpg,167
image1862.jpg,167
image1493.jpg,167
image1920.jpg,167
image2198.jpg,167
image1933.jpg,167
image189.jpg,167
image1149.jpg,167
image1954.jpg,167
image946.jpg,167
image1254.jpg,167
image285.jpg,167
image620.jpg,167
image1512.jpg,167
image2200.jpg,167
image1126.jpg,167
image426.jpg,167
image807.jpg,167
image1189.jpg,167
image1937.jpg,167
image1458.jpg,167
image1480.jpg,167
image616.jpg,167
image848.jpg,167
image1572.jpg,167
image1469.jpg,167
image1199.jpg,167
image727.jpg,167
image2184.jpg,167
image1357.jpg,167
image1887.jpg,167
image890.jpg,167
image1547.jpg,167
image60.jpg,167
image1665.jpg,167
image870.jpg,167
image319.jpg,167
image2126.jpg,167
image716.jpg,167
image99.jpg,167
image929.jpg,167
image672.jpg,167
image1406.jpg,167
image1995.jpg,167
image1083.jpg,167
image2307.jpg,167
image797.jpg,167
image2348.jpg,167
image2106.jpg,167
image844.jpg,167
image1527.jpg,167
image1002.jpg,167
image396.jpg,167
image1376.jpg,167
image1344.jpg,167
image502.jpg,167
image2359.jpg,167
image452.jpg,167
image2065.jpg,167
image2361.jpg,167
image867.jpg,167
image619.jpg,167
image1418.jpg,167
image775.jpg,167
image1679.jpg,167
image2030.jpg,167
image39.jpg,167
image298.jpg,167
image1509.jpg,167
image368.jpg,167
image1696.jpg,167
image297.jpg,167
image1460.jpg,167
image1043.jpg,167
image961.jpg,167
image1256.jpg,167
image2317.jpg,167
image225.jpg,167
image1505.jpg,167
image1707.jpg,167
image2189.jpg,167
image874.jpg,167
image570.jpg,167
image1463.jpg,167
image1848.jpg,167
image2004.jpg,167
image615.jpg,167
image1625.jpg,167
image1495.jpg,167
image924.jpg,167
image1727.jpg,167
image527.jpg,167
image1478.jpg,167
image265.jpg,167
image1588.jpg,167
image2170.jpg,167
image2238.jpg,167
image1812.jpg,167
image698.jpg,167
image77.jpg,167
image1313.jpg,167
image1998.jpg,167
image1476.jpg,167
image1640.jpg,167
image506.jpg,167
image2127.jpg,167
image121.jpg,167
image1244.jpg,167
image2320.jpg,167
image2300.jpg,167
image1409.jpg,167
image305.jpg,167
image1142.jpg,167
image1584.jpg,167
image1691.jpg,167
image889.jpg,167
image2089.jpg,167
image1942.jpg,167
image129.jpg,167
image7.jpg,167
image1325.jpg,167
image923.jpg,167
image520.jpg,167
image1520.jpg,167
image1388.jpg,167
image1659.jpg,167
image1280.jpg,167
image1597.jpg,167
image918.jpg,167
image1393.jpg,167
image1637.jpg,167
image780.jpg,167
image845.jpg,167
image1282.jpg,167
image328.jpg,167
image699.jpg,167
image2343.jpg,167
image2341.jpg,167
image1268.jpg,167
image1249.jpg,167
image338.jpg,167
image1890.jpg,167
image1898.jpg,167
image1797.jpg,167
image272.jpg,167
image1400.jpg,167
image1131.jpg,167
image1919.jpg,167
image825.jpg,167
image1168.jpg,167
image1448.jpg,167
image1760.jpg,167
image1783.jpg,167
image192.jpg,167
image1122.jpg,167
image1735.jpg,167
image1729.jpg,167
image324.jpg,167
image27.jpg,167
image252.jpg,167
image963.jpg,167
image684.jpg,167
image2085.jpg,167
image1557.jpg,167
image1559.jpg,167
image1514.jpg,167
image1536.jpg,167
image120.jpg,167
image1410.jpg,167
image850.jpg,167
image1814.jpg,167
image2203.jpg,167
image505.jpg,167
image524.jpg,167
image1276.jpg,167
image58.jpg,167
image1702.jpg,167
image2276.jpg,167
image9.jpg,167
image208.jpg,167
image587.jpg,167
image2020.jpg,167
image2339.jpg,167
image1272.jpg,167
image934.jpg,167
image1620.jpg,167
image445.jpg,167
image1154.jpg,167
image543.jpg,167
image162.jpg,167
image1554.jpg,167
image155.jpg,167
image2234.jpg,167
image1841.jpg,167
image530.jpg,167
image1000.jpg,167
image613.jpg,167
image878.jpg,167
image1177.jpg,167
image1451.jpg,167
image1066.jpg,167
image1146.jpg,167
image1075.jpg,167
image286.jpg,167
image681.jpg,167
image1785.jpg,167
image1133.jpg,167
image1442.jpg,167
image478.jpg,167
image795.jpg,167
image2066.jpg,167
image1573.jpg,167
image357.jpg,167
image1394.jpg,167
image274.jpg,167
image2336.jpg,167
image1592.jpg,167
image680.jpg,167
image2073.jpg,167
image2016.jpg,167
image1577.jpg,167
image306.jpg,167
image81.jpg,167
image720.jpg,167
image2240.jpg,167
image430.jpg,167
image2353.jpg,167
image1279.jpg,167
image2175.jpg,167
image1878.jpg,167
image250.jpg,167
image821.jpg,167
image746.jpg,167
image1096.jpg,167
image2021.jpg,167
image2132.jpg,167
image2005.jpg,167
image2202.jpg,167
image1266.jpg,167
image1217.jpg,167
image1260.jpg,167
image1015.jpg,167
image1314.jpg,167
image1085.jpg,167
image1857.jpg,167
image1304.jpg,167
image778.jpg,167
image1737.jpg,167
image1354.jpg,167
image2171.jpg,167
image1084.jpg,167
image2337.jpg,167
image692.jpg,167
image512.jpg,167
image256.jpg,167
image118.jpg,167
image766.jpg,167
image1336.jpg,167
image1332.jpg,167
image1028.jpg,167
image1073.jpg,167
image416.jpg,167
image1893.jpg,167
image1698.jpg,167
image1206.jpg,167
image1026.jpg,167
image1632.jpg,167
image1124.jpg,167
image1413.jpg,167
image1094.jpg,167
image516.jpg,167
image1693.jpg,167
image1366.jpg,167
image137.jpg,167
image1526.jpg,167
image467.jpg,167
image1251.jpg,167
image68.jpg,167
image380.jpg,167
image835.jpg,167
image2157.jpg,167
image553.jpg,167
image1435.jpg,167
image1006.jpg,167
image998.jpg,167
image2044.jpg,167
image2232.jpg,167
image17.jpg,167
image898.jpg,167
image2349.jpg,167
image2049.jpg,167
image1365.jpg,167
image1317.jpg,167
image949.jpg,167
image429.jpg,167
image1608.jpg,167
image106.jpg,167
image483.jpg,167
image1072.jpg,167
image1861.jpg,167
image1286.jpg,167
image166.jpg,167
image240.jpg,167
image583.jpg,167
image1690.jpg,167
image1278.jpg,167
image1439.jpg,167
image1339.jpg,167
image61.jpg,167
image2147.jpg,167
image1670.jpg,167
image1740.jpg,167
image50.jpg,167
image1359.jpg,167
image917.jpg,167
image1267.jpg,167
image322.jpg,167
image2108.jpg,167
image1524.jpg,167
image907.jpg,167
image784.jpg,167
image1345.jpg,167
image2041.jpg,167
image1116.jpg,167
image459.jpg,167
image2101.jpg,167
image1027.jpg,167
image1728.jpg,167
image1194.jpg,167
image1063.jpg,167
image1628.jpg,167
image2046.jpg,167
image1810.jpg,167
image665.jpg,167
image1605.jpg,167
image1808.jpg,167
image1102.jpg,167
image1049.jpg,167
image1088.jpg,167
image968.jpg,167
image2322.jpg,167
image1433.jpg,167
image1714.jpg,167
image1504.jpg,167
image2195.jpg,167
image2018.jpg,167
image706.jpg,167
image991.jpg,167
image191.jpg,167
image96.jpg,167
image1635.jpg,167
image548.jpg,167
image101.jpg,167
image1838.jpg,167
image729.jpg,167
image384.jpg,167
image554.jpg,167
image1454.jpg,167
image1328.jpg,167
image660.jpg,167
image1437.jpg,167
image284.jpg,167
image2281.jpg,167
image2210.jpg,167
image196.jpg,167
image1840.jpg,167
image721.jpg,167
image571.jpg,167
image330.jpg,167
image1671.jpg,167
image830.jpg,167
image1022.jpg,167
image671.jpg,167
image213.jpg,167
image529.jpg,167
image390.jpg,167
image2244.jpg,167
image1257.jpg,167
image1235.jpg,167
image1653.jpg,167
image1101.jpg,167
image773.jpg,167
image2282.jpg,167
image2255.jpg,167
image858.jpg,167
image1950.jpg,167
image2047.jpg,167
image89.jpg,167
image1285.jpg,167
image1119.jpg,167
image945.jpg,167
image91.jpg,167
image56.jpg,167
image2362.jpg,167
image973.jpg,167
image590.jpg,167
image2067.jpg,167
image334.jpg,167
image1252.jpg,167
image212.jpg,167
image1571.jpg,167
image2090.jpg,167
image2295.jpg,167
image1622.jpg,167
image1396.jpg,167
image2303.jpg,167
image978.jpg,167
image2054.jpg,167
image1723.jpg,167
image1883.jpg,167
image1875.jpg,167
image2100.jpg,167
image2357.jpg,167
image1031.jpg,167
image450.jpg,167
image1730.jpg,167
image1846.jpg,167
image344.jpg,167
image2284.jpg,167
image2112.jpg,167
image1055.jpg,167
image309.jpg,167
image2110.jpg,167
image919.jpg,167
image455.jpg,167
image124.jpg,167
image2213.jpg,167
image411.jpg,167
image935.jpg,167
image382.jpg,167
image764.jpg,167
image748.jpg,167
image1782.jpg,167
image1326.jpg,167
image254.jpg,167
image851.jpg,167
image1715.jpg,167
image1259.jpg,167
image2053.jpg,167
image482.jpg,167
image1121.jpg,167
image696.jpg,167
image885.jpg,167
image971.jpg,167
image2145.jpg,167
image2084.jpg,167
image1692.jpg,167
image2363.jpg,167
image1320.jpg,167
image1415.jpg,167
image655.jpg,167
image78.jpg,167
image1804.jpg,167
image398.jpg,167
image756.jpg,167
image176.jpg,167
image1307.jpg,167
image1329.jpg,167
image690.jpg,167
image2346.jpg,167
image629.jpg,167
image195.jpg,167
image1910.jpg,167
image1829.jpg,167
image1865.jpg,167
image1658.jpg,167
image799.jpg,167
image57.jpg,167
image1787.jpg,167
image960.jpg,167
image814.jpg,167
image1521.jpg,167
image1815.jpg,167
image1774.jpg,167
image1117.jpg,167
image76.jpg,167
image2364.jpg,167
image1387.jpg,167
image2011.jpg,167
image840.jpg,167
image1473.jpg,167
image1795.jpg,167
image1634.jpg,167
image1125.jpg,167
image1621.jpg,167
image566.jpg,167
image1405.jpg,167
image1776.jpg,167
image1501.jpg,167
image1446.jpg,167
image1903.jpg,167
image441.jpg,167
image1695.jpg,167
image1238.jpg,167
image986.jpg,167
image203.jpg,167
image2358.jpg,167
image556.jpg,167
image798.jpg,167
image228.jpg,167
image204.jpg,167
image1799.jpg,167
image406.jpg,167
image2224.jpg,167
